{
  "hash": "64e7a908",
  "configHash": "f91f04e6",
  "lockfileHash": "19eb80bd",
  "browserHash": "dc56f546",
  "optimized": {
    "@angular/common": {
      "src": "../../../../../../node_modules/@angular/common/fesm2022/common.mjs",
      "file": "@angular_common.js",
      "fileHash": "ecfda635",
      "needsInterop": false
    },
    "@angular/common/http": {
      "src": "../../../../../../node_modules/@angular/common/fesm2022/http.mjs",
      "file": "@angular_common_http.js",
      "fileHash": "2af1cbc2",
      "needsInterop": false
    },
    "@angular/core": {
      "src": "../../../../../../node_modules/@angular/core/fesm2022/core.mjs",
      "file": "@angular_core.js",
      "fileHash": "f2c8e5ae",
      "needsInterop": false
    },
    "@angular/forms": {
      "src": "../../../../../../node_modules/@angular/forms/fesm2022/forms.mjs",
      "file": "@angular_forms.js",
      "fileHash": "43255638",
      "needsInterop": false
    },
    "@angular/material/button": {
      "src": "../../../../../../node_modules/@angular/material/fesm2022/button.mjs",
      "file": "@angular_material_button.js",
      "fileHash": "a6e61429",
      "needsInterop": false
    },
    "@angular/material/dialog": {
      "src": "../../../../../../node_modules/@angular/material/fesm2022/dialog.mjs",
      "file": "@angular_material_dialog.js",
      "fileHash": "26733601",
      "needsInterop": false
    },
    "@angular/material/form-field": {
      "src": "../../../../../../node_modules/@angular/material/fesm2022/form-field.mjs",
      "file": "@angular_material_form-field.js",
      "fileHash": "bd7a37ea",
      "needsInterop": false
    },
    "@angular/material/icon": {
      "src": "../../../../../../node_modules/@angular/material/fesm2022/icon.mjs",
      "file": "@angular_material_icon.js",
      "fileHash": "fec8a34e",
      "needsInterop": false
    },
    "@angular/material/input": {
      "src": "../../../../../../node_modules/@angular/material/fesm2022/input.mjs",
      "file": "@angular_material_input.js",
      "fileHash": "00640999",
      "needsInterop": false
    },
    "@angular/material/table": {
      "src": "../../../../../../node_modules/@angular/material/fesm2022/table.mjs",
      "file": "@angular_material_table.js",
      "fileHash": "8df6e500",
      "needsInterop": false
    },
    "@angular/platform-browser": {
      "src": "../../../../../../node_modules/@angular/platform-browser/fesm2022/platform-browser.mjs",
      "file": "@angular_platform-browser.js",
      "fileHash": "4dcbfda4",
      "needsInterop": false
    },
    "@angular/router": {
      "src": "../../../../../../node_modules/@angular/router/fesm2022/router.mjs",
      "file": "@angular_router.js",
      "fileHash": "06e16e55",
      "needsInterop": false
    }
  },
  "chunks": {
    "chunk-W6MIHRL5": {
      "file": "chunk-W6MIHRL5.js"
    },
    "chunk-QWEPRFZ6": {
      "file": "chunk-QWEPRFZ6.js"
    },
    "chunk-VOYIFRG2": {
      "file": "chunk-VOYIFRG2.js"
    },
    "chunk-CWB6QJPI": {
      "file": "chunk-CWB6QJPI.js"
    },
    "chunk-53K3L2A5": {
      "file": "chunk-53K3L2A5.js"
    },
    "chunk-A37DKP37": {
      "file": "chunk-A37DKP37.js"
    },
    "chunk-7PC32LGS": {
      "file": "chunk-7PC32LGS.js"
    },
    "chunk-U2OX6H5K": {
      "file": "chunk-U2OX6H5K.js"
    }
  }
}